

CREATE TABLE CONCE_CIUDAD
(
NOMBRE      VARCHAR(10) PRIMARY KEY,
NHABITANTES NUMERIC(10));

CREATE TABLE CONCE_MARCA(
NOMBRE VARCHAR(10) PRIMARY KEY,
CIUDAD VARCHAR(10) NOT NULL,
CONSTRAINT FK_CIUD_MARC FOREIGN KEY(CIUDAD) REFERENCES CONCE_CIUDAD(NOMBRE)
);

CREATE TABLE CONCE_COCHE(
CODIGO VARCHAR(8) PRIMARY KEY,
NOMBRE VARCHAR(15),
MARCA VARCHAR(10) NOT NULL,
CONSTRAINT FK_COCH_MARC FOREIGN KEY (MARCA) REFERENCES CONCE_MARCA(NOMBRE));

CREATE TABLE CONCE_CONCESIONARIO(
CIF NUMERIC(8) PRIMARY KEY,
NOMBRE VARCHAR(20),
CIUDAD VARCHAR(10) NOT NULL,
CONSTRAINT FK_CONC_CIU FOREIGN KEY (CIUDAD)REFERENCES CONCE_CIUDAD(NOMBRE));

CREATE TABLE CONCE_CLIENTE(
IDCLI NUMERIC(8) PRIMARY KEY,
NOMBRE VARCHAR(12),
APELLIDO VARCHAR(15),
CIUDAD VARCHAR(10) NOT NULL,
CONSTRAINT FK_CLI_CIU FOREIGN KEY(CIUDAD) REFERENCES CONCE_CIUDAD(NOMBRE));

CREATE TABLE CONCE_VENTAS(
CONCESIONARIO NUMERIC(8),
CONSTRAINT FK_VEN_CON FOREIGN KEY(CONCESIONARIO) REFERENCES CONCE_CONCESIONARIO(CIF),
CLIENTE NUMERIC(8),
CONSTRAINT FK_VEN_CLI FOREIGN KEY(CLIENTE) REFERENCES CONCE_CLIENTE(IDCLI),
COCHE VARCHAR(8),
CONSTRAINT FK_VEN_COCH FOREIGN KEY (COCHE) REFERENCES CONCE_COCHE(CODIGO),
COLOR VARCHAR(9),
FECHA DATE,
CONSTRAINT PK_VENTAS PRIMARY KEY (CONCESIONARIO,CLIENTE,COCHE));

CREATE TABLE CONCE_DISTRIBUCION(
CONCESIONARIO NUMERIC(8) ,
CONSTRAINT FK_DIS_CON FOREIGN KEY(CONCESIONARIO) REFERENCES CONCE_CONCESIONARIO(CIF),
COCHE VARCHAR(8),
CONSTRAINT FK_DIS_COCH FOREIGN KEY (COCHE) REFERENCES CONCE_COCHE(CODIGO),
CANTIDAD NUMERIC(3),
CONSTRAINT PK_DISTRIB PRIMARY KEY (CONCESIONARIO,COCHE));


ALTER TABLE CONCE_COCHE ADD PRECIO_BASE NUMERIC(7,2);
ALTER TABLE CONCE_VENTAS ADD PRECIO_VENTA NUMERIC(7,2);

/*OTROS TIPOS DE RESTRICCIONES QUE SE PODRÍAN DEFINIR*/
/*QUE LA CANTIDAD DE COCHES EN DISTRIBUCIÓN NO PUEDA SER NEGATIVA*/
ALTER TABLE CONCE_DISTRIBUCION ADD CHECK (CANTIDAD>0);


/*DROP TABLE CONCE_DISTRIBUCION CASCADE CONSTRAINTS;
DROP TABLE CONCE_VENTAS CASCADE CONSTRAINTS;
DROP TABLE CONCE_CLIENTE CASCADE CONSTRAINTS;
DROP TABLE CONCE_CONCESIONARIO CASCADE CONSTRAINTS;
DROP TABLE CONCE_COCHE CASCADE CONSTRAINTS;
DROP TABLE CONCE_MARCA CASCADE CONSTRAINTS;
DROP TABLE CONCE_CIUDAD CASCADE CONSTRAINTS;*/


/*DML*/


/*-------CIUDAD------*/
INSERT INTO CONCE_CIUDAD(NOMBRE) VALUES('Alicante');
INSERT INTO CONCE_CIUDAD(NOMBRE) VALUES('Murcia');
INSERT INTO CONCE_CIUDAD(NOMBRE) VALUES('Madrid');
INSERT INTO CONCE_CIUDAD(NOMBRE) VALUES('Barcelona');
INSERT INTO CONCE_CIUDAD(NOMBRE) VALUES('Ibiza');
INSERT INTO CONCE_CIUDAD(NOMBRE) VALUES('Petrer');
INSERT INTO CONCE_CIUDAD(NOMBRE) VALUES('Valencia');
INSERT INTO CONCE_CIUDAD(NOMBRE) VALUES('Zaragoza');
INSERT INTO CONCE_CIUDAD(NOMBRE) VALUES('Monóvar');
INSERT INTO CONCE_CIUDAD(NOMBRE) VALUES('Elda');
INSERT INTO CONCE_CIUDAD(NOMBRE) VALUES('Villena');
INSERT INTO CONCE_CIUDAD(NOMBRE) VALUES('Novelda');
/*-----------------CONCESIONARIO----------------*/

INSERT INTO CONCE_CONCESIONARIO (CIF, NOMBRE, CIUDAD) VALUES (44554433, 'Fercar', 'Alicante');
INSERT INTO CONCE_CONCESIONARIO (CIF, NOMBRE, CIUDAD) VALUES (85543123, 'Multi Car', 'Alicante');
INSERT INTO CONCE_CONCESIONARIO (CIF, NOMBRE, CIUDAD) VALUES (77323232, 'Motor Sport', 'Murcia');
INSERT INTO CONCE_CONCESIONARIO (CIF, NOMBRE, CIUDAD) VALUES (85643123, 'BMW Villa de campo', 'Madrid');
INSERT INTO CONCE_CONCESIONARIO (CIF, NOMBRE, CIUDAD) VALUES (76543213, 'Todo motor', 'Madrid');
INSERT INTO CONCE_CONCESIONARIO (CIF, NOMBRE, CIUDAD) VALUES (98654678, 'Tope Gama', 'Madrid');
INSERT INTO CONCE_CONCESIONARIO (CIF, NOMBRE, CIUDAD) VALUES (11232123, 'BMW Barna', 'Barcelona');
INSERT INTO CONCE_CONCESIONARIO (CIF, NOMBRE, CIUDAD) VALUES (54345432, 'Tot Turbo', 'Barcelona');
INSERT INTO CONCE_CONCESIONARIO (CIF, NOMBRE, CIUDAD) VALUES (32323232, '4 rodes', 'Ibiza');
INSERT INTO CONCE_CONCESIONARIO (CIF, NOMBRE, CIUDAD) VALUES (56429642, 'Grant Turismo', 'Alicante');
INSERT INTO CONCE_CONCESIONARIO (CIF, NOMBRE, CIUDAD) VALUES (11111111, 'Móvil Begar', 'Petrer');
INSERT INTO CONCE_CONCESIONARIO (CIF, NOMBRE, CIUDAD) VALUES (1222222, 'Automóviles Alpe', 'Petrer');
/*----------------MARCAS----------------*/
INSERT INTO CONCE_MARCA (NOMBRE, CIUDAD) VALUES ('BMW', 'Barcelona');
INSERT INTO CONCE_MARCA (NOMBRE, CIUDAD) VALUES ('AUDI', 'Madrid');
INSERT INTO CONCE_MARCA (NOMBRE, CIUDAD) VALUES ('Citroen', 'Alicante');
INSERT INTO CONCE_MARCA (NOMBRE, CIUDAD) VALUES ('Seat', 'Madrid');
INSERT INTO CONCE_MARCA (NOMBRE, CIUDAD) VALUES ('KIA', 'Petrer');
INSERT INTO CONCE_MARCA (NOMBRE, CIUDAD) VALUES ('Nissan', 'Valencia');
INSERT INTO CONCE_MARCA (NOMBRE, CIUDAD) VALUES ('Renault', 'Barcelona');
INSERT INTO CONCE_MARCA (NOMBRE, CIUDAD) VALUES ('Opel', 'Zaragoza');
INSERT INTO CONCE_MARCA (NOMBRE, CIUDAD) VALUES ('Ford', 'Valencia');
INSERT INTO CONCE_MARCA (NOMBRE, CIUDAD) VALUES ('Mercedes', 'Alicante');
SELECT * FROM CONCE_MARCA;
/*-----------------COCHE---------------*/
INSERT INTO CONCE_COCHE (CODIGO, NOMBRE, MARCA) VALUES ('BMWe86', 'BMW Serie 1', 'BMW');
INSERT INTO CONCE_COCHE (CODIGO, NOMBRE, MARCA) VALUES ('BMWe46', 'BMW Serie 3', 'BMW');
INSERT INTO CONCE_COCHE (CODIGO, NOMBRE, MARCA) VALUES ('BMWe34', 'BMW Serie 5', 'BMW');
INSERT INTO CONCE_COCHE (CODIGO, NOMBRE, MARCA) VALUES ('BMWm45', 'BMW Serie 7', 'BMW');
INSERT INTO CONCE_COCHE (CODIGO, NOMBRE, MARCA) VALUES ('BMWm87', 'BMW Serie 4', 'BMW');
INSERT INTO CONCE_COCHE (CODIGO, NOMBRE, MARCA) VALUES ('A3', 'AUDI A3', 'AUDI');
INSERT INTO CONCE_COCHE (CODIGO, NOMBRE, MARCA) VALUES ('A5', 'AUDI A5', 'AUDI');
INSERT INTO CONCE_COCHE (CODIGO, NOMBRE, MARCA) VALUES ('A6Q', 'AUDI A6 QUATTRO', 'AUDI');
INSERT INTO CONCE_COCHE (CODIGO, NOMBRE, MARCA) VALUES ('C4C', 'C4', 'Citroen');
INSERT INTO CONCE_COCHE (CODIGO, NOMBRE, MARCA) VALUES ('C5C', 'C5', 'Citroen');
INSERT INTO CONCE_COCHE (CODIGO, NOMBRE, MARCA) VALUES ('IBIZA', 'Ibiza', 'Seat');
INSERT INTO CONCE_COCHE (CODIGO, NOMBRE, MARCA) VALUES ('KCEED', 'CEED', 'KIA');
INSERT INTO CONCE_COCHE (CODIGO, NOMBRE, MARCA) VALUES ('KSPORT', 'SPORTAGE', 'KIA');
INSERT INTO CONCE_COCHE (CODIGO, NOMBRE, MARCA) VALUES ('KRIO', 'RIO', 'KIA');
INSERT INTO CONCE_COCHE (CODIGO, NOMBRE, MARCA) VALUES ('NISQA', 'QASQAI', 'Nissan');
INSERT INTO CONCE_COCHE (CODIGO, NOMBRE, MARCA) VALUES ('NISPU', 'PULSAR', 'Nissan');
SELECT * FROM CONCE_COCHE;
/*-----------------CLIENTES----------------*/
INSERT INTO CONCE_CLIENTE (IDCLI, NOMBRE, APELLIDO, CIUDAD) VALUES (24583143, 'Álvaro', 'Naranjo', 'Monóvar');
INSERT INTO CONCE_CLIENTE (IDCLI, NOMBRE, APELLIDO, CIUDAD) VALUES (65344533, 'Silvia', 'Pérez', 'Elda');
INSERT INTO CONCE_CLIENTE (IDCLI, NOMBRE, APELLIDO, CIUDAD) VALUES (44545433, 'Francisco', 'Vicedo', 'Alicante');
INSERT INTO CONCE_CLIENTE (IDCLI, NOMBRE, APELLIDO, CIUDAD) VALUES (14123233, 'Diana', 'García', 'Monóvar');
INSERT INTO CONCE_CLIENTE (IDCLI, NOMBRE, APELLIDO, CIUDAD) VALUES (44567676, 'Isela', 'Guerrero', 'Madrid');
INSERT INTO CONCE_CLIENTE (IDCLI, NOMBRE, APELLIDO, CIUDAD) VALUES (44599887, 'Pascual', 'Bazán', 'Elda');
INSERT INTO CONCE_CLIENTE (IDCLI, NOMBRE, APELLIDO, CIUDAD) VALUES (44512333, 'David', 'Ruiz', 'Villena');
INSERT INTO CONCE_CLIENTE (IDCLI, NOMBRE, APELLIDO, CIUDAD) VALUES (67453423, 'Álvaro', 'Alted', 'Petrer');
INSERT INTO CONCE_CLIENTE (IDCLI, NOMBRE, APELLIDO, CIUDAD) VALUES (87643455, 'Sergio', 'Sepulcre', 'Elda');
INSERT INTO CONCE_CLIENTE (IDCLI, NOMBRE, APELLIDO, CIUDAD) VALUES (76357844, 'Marcos', 'Vicente', 'Novelda');
INSERT INTO CONCE_CLIENTE (IDCLI, NOMBRE, APELLIDO, CIUDAD) VALUES (76411111, 'Carlos', 'Lencina', 'Elda');
INSERT INTO CONCE_CLIENTE (IDCLI, NOMBRE, APELLIDO, CIUDAD) VALUES (11111112, 'Jose Miguel', 'Martón', 'Novelda');
INSERT INTO CONCE_CLIENTE (IDCLI, NOMBRE, APELLIDO, CIUDAD) VALUES (22222211, 'Andrés', 'Pérez', 'Madrid');
INSERT INTO CONCE_CLIENTE (IDCLI, NOMBRE, APELLIDO, CIUDAD) VALUES (00000031, 'Jorge', 'Candel', 'Petrer');
INSERT INTO CONCE_CLIENTE (IDCLI, NOMBRE, APELLIDO, CIUDAD) VALUES (12299999, 'Ricardo', 'Mancheño', 'Monóvar');
INSERT INTO CONCE_CLIENTE (IDCLI, NOMBRE, APELLIDO, CIUDAD) VALUES (12345678, 'Kevin', 'Esteve', 'Elda');
INSERT INTO CONCE_CLIENTE (IDCLI, NOMBRE, APELLIDO, CIUDAD) VALUES (98765432, 'Nacho', 'Fernández', 'Petrer');
INSERT INTO CONCE_CLIENTE (IDCLI, NOMBRE, APELLIDO, CIUDAD) VALUES (90876542, 'Ignacio', 'Sanchis', 'Petrer');
INSERT INTO CONCE_CLIENTE (IDCLI, NOMBRE, APELLIDO, CIUDAD) VALUES (00987619, 'Santiago', 'Amorós', 'Petrer');
INSERT INTO CONCE_CLIENTE (IDCLI, NOMBRE, APELLIDO, CIUDAD) VALUES (23287490, 'Enrique', 'Sánchez', 'Madrid');
/*-----------------VENTAS----------------*/
INSERT INTO CONCE_VENTAS (CONCESIONARIO, CLIENTE, COCHE, COLOR, FECHA) VALUES (44554433, 24583143, 'A3', 'rojo', STR_TO_DATE('12/07/2019', '%d/%m/%Y'));
INSERT INTO CONCE_VENTAS (CONCESIONARIO, CLIENTE, COCHE, COLOR, FECHA) VALUES (11111111, 65344533, 'BMWe86', 'blanco', STR_TO_DATE('21/06/2019', '%d/%m/%Y'));
INSERT INTO CONCE_VENTAS (CONCESIONARIO, CLIENTE, COCHE, COLOR, FECHA) VALUES (11111111, 44545433, 'BMWe46', 'azul', STR_TO_DATE('01/08/2019', '%d/%m/%Y'));
INSERT INTO CONCE_VENTAS (CONCESIONARIO, CLIENTE, COCHE, COLOR, FECHA) VALUES (11111111, 14123233, 'BMWe34', 'blanco', STR_TO_DATE('22/06/2019', '%d/%m/%Y'));
INSERT INTO CONCE_VENTAS (CONCESIONARIO, CLIENTE, COCHE, COLOR, FECHA) VALUES (77323232, 44567676, 'C5C', 'negro', STR_TO_DATE('21/06/2019', '%d/%m/%Y'));
INSERT INTO CONCE_VENTAS (CONCESIONARIO, CLIENTE, COCHE, COLOR, FECHA) VALUES (85643123, 44545433, 'IBIZA', 'azul', STR_TO_DATE('21/06/2019', '%d/%m/%Y'));
INSERT INTO CONCE_VENTAS (CONCESIONARIO, CLIENTE, COCHE, COLOR, FECHA) VALUES (1222222, 44545433, 'KRIO', 'rojo', STR_TO_DATE('01/08/2019', '%d/%m/%Y'));
INSERT INTO CONCE_VENTAS (CONCESIONARIO, CLIENTE, COCHE, COLOR, FECHA) VALUES (1222222, 67453423, 'KRIO', 'amarillo', STR_TO_DATE('02/08/2019', '%d/%m/%Y'));
INSERT INTO CONCE_VENTAS (CONCESIONARIO, CLIENTE, COCHE, COLOR, FECHA) VALUES (1222222, 87643455, 'KRIO', 'rojo', STR_TO_DATE('01/08/2019', '%d/%m/%Y'));
INSERT INTO CONCE_VENTAS (CONCESIONARIO, CLIENTE, COCHE, COLOR, FECHA) VALUES (1222222, 76357844, 'KRIO', 'blanco', STR_TO_DATE('02/08/2019', '%d/%m/%Y'));
INSERT INTO CONCE_VENTAS (CONCESIONARIO, CLIENTE, COCHE, COLOR, FECHA) VALUES (11111111, 76411111, 'BMWe86', 'negro', STR_TO_DATE('01/08/2019', '%d/%m/%Y'));
INSERT INTO CONCE_VENTAS (CONCESIONARIO, CLIENTE, COCHE, COLOR, FECHA) VALUES (56429642, 11111112, 'IBIZA', 'azul', STR_TO_DATE('02/08/2019', '%d/%m/%Y'));
INSERT INTO CONCE_VENTAS (CONCESIONARIO, CLIENTE, COCHE, COLOR, FECHA) VALUES (85543123, 22222211, 'KCEED', 'azul', STR_TO_DATE('01/08/2019', '%d/%m/%Y'));
INSERT INTO CONCE_VENTAS (CONCESIONARIO, CLIENTE, COCHE, COLOR, FECHA) VALUES (1222222, 00000031, 'KSPORT', 'negro', STR_TO_DATE('02/08/2019', '%d/%m/%Y'));
INSERT INTO CONCE_VENTAS (CONCESIONARIO, CLIENTE, COCHE, COLOR, FECHA) VALUES (1222222, 12299999, 'KRIO', 'blanco', STR_TO_DATE('03/08/2019', '%d/%m/%Y'));
INSERT INTO CONCE_VENTAS (CONCESIONARIO, CLIENTE, COCHE, COLOR, FECHA) VALUES (77323232, 12345678, 'NISQA', 'blanco', STR_TO_DATE('03/08/2019', '%d/%m/%Y'));
INSERT INTO CONCE_VENTAS (CONCESIONARIO, CLIENTE, COCHE, COLOR, FECHA) VALUES (85643123, 98765432, 'NISPU', 'gris', STR_TO_DATE('03/08/2019', '%d/%m/%Y'));
INSERT INTO CONCE_VENTAS (CONCESIONARIO, CLIENTE, COCHE, COLOR, FECHA) VALUES (11111111, 90876542, 'BMWe86', 'gris', STR_TO_DATE('16/08/2019', '%d/%m/%Y'));
INSERT INTO CONCE_VENTAS (CONCESIONARIO, CLIENTE, COCHE, COLOR, FECHA) VALUES (85543123, 00987619, 'IBIZA', 'rojo', STR_TO_DATE('16/08/2019', '%d/%m/%Y'));
INSERT INTO CONCE_VENTAS (CONCESIONARIO, CLIENTE, COCHE, COLOR, FECHA) VALUES (1222222, 23287490, 'KCEED', 'blanco', STR_TO_DATE('15/09/2019', '%d/%m/%Y'));
INSERT INTO CONCE_VENTAS (CONCESIONARIO, CLIENTE, COCHE, COLOR, FECHA) VALUES (1222222, 44545433, 'KSPORT', 'azul', STR_TO_DATE('15/09/2019', '%d/%m/%Y'));
INSERT INTO CONCE_VENTAS (CONCESIONARIO, CLIENTE, COCHE, COLOR, FECHA) VALUES (32323232, 00987619, 'IBIZA', 'blanco', STR_TO_DATE('16/09/2019', '%d/%m/%Y'));
INSERT INTO CONCE_VENTAS (CONCESIONARIO, CLIENTE, COCHE, COLOR, FECHA) VALUES (11111111, 00987619, 'BMWe86', 'negro', STR_TO_DATE('20/09/2019', '%d/%m/%Y'));
INSERT INTO CONCE_VENTAS (CONCESIONARIO, CLIENTE, COCHE, COLOR, FECHA) VALUES (1222222, 76411111, 'KRIO', 'blanco', STR_TO_DATE('22/09/2019', '%d/%m/%Y'));
INSERT INTO CONCE_VENTAS (CONCESIONARIO, CLIENTE, COCHE, COLOR, FECHA) VALUES (85543123, 65344533, 'NISQA', 'blanco', STR_TO_DATE('30/09/2019', '%d/%m/%Y'));
INSERT INTO CONCE_VENTAS (CONCESIONARIO, CLIENTE, COCHE, COLOR, FECHA) VALUES (54345432, 24583143, 'A3', 'gris', STR_TO_DATE('28/10/2019', '%d/%m/%Y'));
INSERT INTO CONCE_VENTAS (CONCESIONARIO, CLIENTE, COCHE, COLOR, FECHA) VALUES (54345432, 65344533, 'A5', 'negro', STR_TO_DATE('29/10/2019', '%d/%m/%Y'));
INSERT INTO CONCE_VENTAS (CONCESIONARIO, CLIENTE, COCHE, COLOR, FECHA) VALUES (54345432, 12345678, 'A3', 'azul', STR_TO_DATE('20/12/2019', '%d/%m/%Y'));
/*-----------------DISTRIBUCIÓN----------------*/
INSERT INTO CONCE_DISTRIBUCION (CONCESIONARIO, COCHE, CANTIDAD) VALUES (44554433, 'A3', 4);
INSERT INTO CONCE_DISTRIBUCION (CONCESIONARIO, COCHE, CANTIDAD) VALUES (11111111, 'BMWe86', 10);
INSERT INTO CONCE_DISTRIBUCION (CONCESIONARIO, COCHE, CANTIDAD) VALUES (11111111, 'BMWe46', 11);
INSERT INTO CONCE_DISTRIBUCION (CONCESIONARIO, COCHE, CANTIDAD) VALUES (11111111, 'BMWe34', 5);
INSERT INTO CONCE_DISTRIBUCION (CONCESIONARIO, COCHE, CANTIDAD) VALUES (77323232, 'C5C', 7);
INSERT INTO CONCE_DISTRIBUCION (CONCESIONARIO, COCHE, CANTIDAD) VALUES (85643123, 'IBIZA', 6);
INSERT INTO CONCE_DISTRIBUCION (CONCESIONARIO, COCHE, CANTIDAD) VALUES (1222222, 'KRIO', 25);
INSERT INTO CONCE_DISTRIBUCION (CONCESIONARIO, COCHE, CANTIDAD) VALUES (56429642, 'IBIZA', 8);
INSERT INTO CONCE_DISTRIBUCION (CONCESIONARIO, COCHE, CANTIDAD) VALUES (85543123, 'KCEED', 9);
INSERT INTO CONCE_DISTRIBUCION (CONCESIONARIO, COCHE, CANTIDAD) VALUES (1222222, 'KSPORT', 12);
INSERT INTO CONCE_DISTRIBUCION (CONCESIONARIO, COCHE, CANTIDAD) VALUES (77323232, 'NISQA', 6);
INSERT INTO CONCE_DISTRIBUCION (CONCESIONARIO, COCHE, CANTIDAD) VALUES (85643123, 'NISPU', 8);
INSERT INTO CONCE_DISTRIBUCION (CONCESIONARIO, COCHE, CANTIDAD) VALUES (1222222, 'KCEED', 14);
INSERT INTO CONCE_DISTRIBUCION (CONCESIONARIO, COCHE, CANTIDAD) VALUES (32323232, 'IBIZA', 17);
INSERT INTO CONCE_DISTRIBUCION (CONCESIONARIO, COCHE, CANTIDAD) VALUES (85543123, 'NISQA', 5);
INSERT INTO CONCE_DISTRIBUCION (CONCESIONARIO, COCHE, CANTIDAD) VALUES (54345432, 'A3', 9);
INSERT INTO CONCE_DISTRIBUCION (CONCESIONARIO, COCHE, CANTIDAD) VALUES (54345432, 'A5', 3);

/*-----------------CAMBIOS----------------*/
/*---1---*/
INSERT INTO CONCE_COCHE(CODIGO, NOMBRE, MARCA)
VALUES ('BMWs1','BMW Serie 1','BMW');

INSERT INTO CONCE_COCHE (CODIGO, NOMBRE, MARCA)
VALUES ('BMWs3', 'BMW Serie 3', 'BMW');

INSERT INTO CONCE_COCHE (CODIGO, NOMBRE, MARCA)
VALUES ('BMWs5', 'BMW Serie 5', 'BMW');

UPDATE CONCE_VENTAS
SET COCHE = 'BMWs1'
WHERE COCHE = 'BMWe86';

UPDATE CONCE_VENTAS
SET COCHE = 'BMWs3'
WHERE COCHE = 'BMWe46';

UPDATE CONCE_VENTAS
SET COCHE = 'BMWs5'
WHERE COCHE = 'BMWe34';


UPDATE CONCE_DISTRIBUCION
SET COCHE = 'BMWs1'
WHERE COCHE = 'BMWe86';

UPDATE CONCE_DISTRIBUCION
SET COCHE = 'BMWs3'
WHERE COCHE = 'BMWe46';

UPDATE CONCE_DISTRIBUCION
SET COCHE = 'BMWs5'
WHERE COCHE = 'BMWe34';

DELETE FROM CONCE_COCHE WHERE CODIGO = 'BMWe34';
DELETE FROM CONCE_COCHE WHERE CODIGO = 'BMWe86';
DELETE FROM CONCE_COCHE WHERE CODIGO = 'BMWe46';

/*---2---*/
UPDATE CONCE_CLIENTE
SET CIUDAD = 'Petrer'
WHERE NOMBRE = 'Pascual';
SELECT * FROM CONCE_CLIENTE;

/*---3---*/
UPDATE CONCE_CLIENTE
SET APELLIDO = 'Cano'
WHERE APELLIDO = 'Naranjo';

UPDATE CONCE_CLIENTE
SET APELLIDO = 'Naranjo'
WHERE APELLIDO = 'Amorós';

SELECT * FROM CONCE_CLIENTE WHERE NOMBRE= 'Álvaro' OR NOMBRE='Santiago';
/*--4---*/
UPDATE CONCE_DISTRIBUCION
SET CANTIDAD = CANTIDAD + 8
WHERE COCHE='A3' AND CONCESIONARIO = '54345432';
SELECT * FROM CONCE_DISTRIBUCION;
/*---5---*/
DELETE FROM CONCE_VENTAS
WHERE CLIENTE = '00987619' AND COCHE = 'IBIZA';
/*---6---*/
DELETE FROM CONCE_CLIENTE
WHERE NOMBRE='Ignacio' AND APELLIDO= 'Sanchis';
/*No se puede ya que tiene un coche comprado*/
/*---7---*/
DELETE FROM CONCE_CONCESIONARIO
WHERE NOMBRE='Fercar';
-- No, ya que tiene registrado coches vendidos, aunque también tiene coches en distribución, pero estos podrían ser quitados
/*---8---*/
UPDATE CONCE_COCHE
SET PRECIO_BASE = 21000
WHERE MARCA='BMW';

UPDATE CONCE_COCHE
SET PRECIO_BASE = 15000
WHERE MARCA='SEAT';

UPDATE CONCE_COCHE
SET PRECIO_BASE = 25000
WHERE MARCA='AUDI';

UPDATE CONCE_COCHE
SET PRECIO_BASE = 10000
WHERE MARCA='Citroen';

UPDATE CONCE_COCHE
SET PRECIO_BASE = 18000
WHERE MARCA='Nissan';

UPDATE CONCE_COCHE
SET PRECIO_BASE = 5000
WHERE MARCA='KIA';